,Model,mae_test,mae_train,mape_test,mape_train,r2_test,r2_train,rms_test,rms_train
0,Regression,4480.879657376612,4138.908070418141,47.55035290889224,42.24928899907805,0.7723817085144138,0.7435144198516751,6168.954239000016,6016.080351986764
0,RandomForest,2758.416513528812,968.5253511502561,34.522441979370925,10.9978713481785,0.8616435962029985,0.9782974644764487,4809.584969343423,1749.9973424923521
0,Nueral Network,14044.44376085965,12908.119433841486,97.72990642928302,97.74235793299052,-1.179564179906825,-1.1805585871040871,19089.422933528356,17541.47186317094
0,GradientBoostingRegressor,2929.567126433641,1338.3150133137779,34.012293794737865,15.764007117847436,0.8398409758636713,0.9602880447808602,5174.682117191781,2367.2427020293844
