,Model,mae_test,mae_train,mape_test,mape_train,r2_test,r2_train,rms_test,rms_train
0,Linear Regression,4666.029479159097,3960.317958785637,45.35983629756008,39.62677412857959,0.664941743745241,0.7712921400289819,6974.351404354499,5793.623326364433
0,Random Forest Regression,2897.767255963208,896.8154117563925,26.701333795837094,10.350986560465213,0.7892071685432204,0.9811021690578426,5531.865119477357,1665.3889958205436
0,Gradient Boosting Regression,2897.767255963208,896.8154117563925,26.701333795837094,10.350986560465213,0.7892071685432204,0.9811021690578426,5531.865119477357,1665.3889958205436
