,Model_Name,Accuracy_score,Precision_score,Recall_score,F1_score
0,RandomForest classification,0.9648033126293996,0.23076923076923078,0.3,0.2608695652173913
1,SVC,0.9575569358178054,0.0,0.0,0.0
2,BernoulliNB,0.855072463768116,0.03125,0.2,0.05405405405405406
3,Logistic Regression classification,0.7712215320910973,0.0759493670886076,0.9,0.14007782101167315
4,Neural Nets,0.6749482401656315,0.040625,0.65,0.07647058823529412
