,Model,mae_test,mae_train,mape_test,mape_train,r2_test,r2_train,rms_test,rms_train
0,Regression,55.33588852245491,55.65156100494696,67.36654037128883,65.43909954357227,0.08227717551422842,0.08955433025760595,95.48052467792444,98.71319367680464
0,Regression,55.33588852245491,55.65156100494696,67.36654037128883,65.43909954357227,0.08227717551422842,0.08955433025760595,95.48052467792444,98.71319367680464
0,RandomForest,30.922860013041717,11.991839564306758,30.980940159227856,11.864655278646818,0.5809438857302348,0.9400032175435131,64.52011326582375,25.340324135705238
0,Nueral Network,55.31700528476737,56.09205354206603,67.68296790470148,66.34539935740463,0.07711827055012888,0.07597814599491604,95.7485166227071,99.44645515672383
